ODKAZ;KLUCOVE SLOVO;TOP DOPYT
"https://www.medicalnewstoday.com/articles/219352#summary";"antioxidant helps";"antioxidant vitamins"
"https://www.medicalnewstoday.com/articles/219352#summary";"antioxidant helps";"antioxidant foods"
"https://www.medicalnewstoday.com/articles/219352#summary";"antioxidant helps";"vitamin k"
"https://www.medicalnewstoday.com/articles/219352#summary";"antioxidant helps";"selenium"
"https://www.medicalnewstoday.com/articles/219352#summary";"antioxidant helps";"vitamin k"
"https://www.medicalnewstoday.com/articles/219352#summary";"vitamin benefits";"b12 benefits"
"https://www.medicalnewstoday.com/articles/219352#summary";"vitamin benefits";"b12 vitamin benefits"
"https://www.medicalnewstoday.com/articles/219352#summary";"vitamin benefits";"d3 vitamin benefits"
"https://www.medicalnewstoday.com/articles/219352#summary";"vitamin benefits";"vitamin c serum"
"https://www.medicalnewstoday.com/articles/219352#summary";"vitamin benefits";"b6 vitamin benefits"
"https://www.medicalnewstoday.com/articles/219352#summary";"vitamin benefits";"zinc"
"https://www.medicalnewstoday.com/articles/219352#summary";"vitamin benefits";"zinc vitamin benefits"
"https://www.medicalnewstoday.com/articles/219352#summary";"vitamin benefits";"vitamin e oil benefits"
"https://www.medicalnewstoday.com/articles/219352#summary";"vitamin benefits";"magnesium vitamin benefits"
"https://www.medicalnewstoday.com/articles/219352#summary";"vitamin benefits";"benefits of vitamin b"
"https://www.medicalnewstoday.com/articles/219352#summary";"vitamin benefits";"vitamin k2 benefits"
"https://www.medicalnewstoday.com/articles/219352#summary";"vitamin benefits";"collagen benefits"
"https://www.medicalnewstoday.com/articles/219352#summary";"vitamin benefits";"benefits of zinc"
"https://www.medicalnewstoday.com/articles/219352#summary";"vitamin benefits";"benefits of vitamin e capsule"
"https://www.medicalnewstoday.com/articles/219352#summary";"vitamin benefits";"ashwagandha benefits"
"https://www.medicalnewstoday.com/articles/219352#summary";"vitamin benefits";"vitamin b12 injection benefits"
"https://www.medicalnewstoday.com/articles/219352#summary";"vitamin benefits";"ashwagandha benefits"
"https://www.medicalnewstoday.com/articles/219352#summary";"vitamin benefits";"vitamin c serum"
"https://www.medicalnewstoday.com/articles/219352#summary";"vitamin benefits";"benefits of vitamin e capsule"
"https://www.medicalnewstoday.com/articles/219352#summary";"vitamin benefits";"collagen benefits"
"https://www.medicalnewstoday.com/articles/219352#summary";"vitamin benefits";"zinc"
"https://www.medicalnewstoday.com/articles/219352#summary";"vitamin benefits";"zinc vitamin benefits"
"https://www.medicalnewstoday.com/articles/219352#summary";"vitamin benefits";"vitamin k2 benefits"
"https://www.medicalnewstoday.com/articles/219352#summary";"vitamin benefits";"vitamin b12 injection benefits"
"https://www.medicalnewstoday.com/articles/219352#summary";"vitamin benefits";"benefits of zinc"
"https://www.medicalnewstoday.com/articles/219352#summary";"vitamin benefits";"d3 vitamin benefits"
"https://www.medicalnewstoday.com/articles/219352#summary";"vitamin benefits";"magnesium vitamin benefits"
"https://www.medicalnewstoday.com/articles/219352#summary";"benefits vitamin";"b12 benefits"
"https://www.medicalnewstoday.com/articles/219352#summary";"benefits vitamin";"vitamin c skin benefits"
"https://www.medicalnewstoday.com/articles/219352#summary";"benefits vitamin";"benefits of vitamin a"
"https://www.medicalnewstoday.com/articles/219352#summary";"benefits vitamin";"vitamin e capsule"
"https://www.medicalnewstoday.com/articles/219352#summary";"benefits vitamin";"vitamin c and zinc benefits"
"https://www.medicalnewstoday.com/articles/219352#summary";"benefits vitamin";"vitamin b12 injection benefits"
"https://www.medicalnewstoday.com/articles/219352#summary";"benefits vitamin";"vitamin d3 benefits for women"
"https://www.medicalnewstoday.com/articles/219352#summary";"benefits vitamin";"vitamin e capsule"
"https://www.medicalnewstoday.com/articles/219352#summary";"benefits vitamin";"vitamin c and zinc benefits"
"https://www.medicalnewstoday.com/articles/219352#summary";"benefits vitamin";"vitamin d3 benefits for women"
"https://www.medicalnewstoday.com/articles/219352#summary";"benefits vitamin";"vitamin c skin benefits"
"https://www.medicalnewstoday.com/articles/219352#summary";"benefits vitamin";"vitamin b12 injection benefits"
